{"train Acc@1": 19.04800033569336, "train Acc@5": 46.69199752807617, "train loss": 19.738404801940916, "val Acc@1": 23.459999084472656, "val Acc@5": 53.04999923706055, "val ECE": 0.06081242486834526, "val OE": 0.02279745601117611, "val loss": 3.175503670501709, "_timestamp": 1666810786.4000144, "table": {"_type": "table-file", "sha256": "382ba7f589b750ea18ecc786a4bcc0f28352c87ca61bd29cfb091569f855c4f5", "size": 435, "artifact_path": "wandb-client-artifact://gxxwl8unok14o03l4qz15io9u6yv5ihabybd1j55jtk4ct6hml4ijf8jqqmo66ddyzemy7d9a7mhhyicvs91sm5ofulk2b4x3f040r1q4f8vmo5badb9dv0bz2ma3t98:latest/table.table.json", "_latest_artifact_path": "wandb-client-artifact://gxxwl8unok14o03l4qz15io9u6yv5ihabybd1j55jtk4ct6hml4ijf8jqqmo66ddyzemy7d9a7mhhyicvs91sm5ofulk2b4x3f040r1q4f8vmo5badb9dv0bz2ma3t98:latest/table.table.json", "path": "media/table/table_1_382ba7f589b750ea18ec.table.json", "ncols": 8, "nrows": 2}, "epoch": 2, "_runtime": 123.69859051704407, "_step": 1}